HLA_Class,HLA_FourDigits
ClassI,A_0101
ClassI,A_0102
ClassI,A_0103
ClassI,A_0106
ClassI,A_0107
ClassI,A_0108
ClassI,A_0109
ClassI,A_0110
ClassI,A_0112
ClassI,A_0113
ClassI,A_0114
ClassI,A_0117
ClassI,A_0119
ClassI,A_0120
ClassI,A_0121
ClassI,A_0123
ClassI,A_0124
ClassI,A_0125
ClassI,A_0126
ClassI,A_0128
ClassI,A_0129
ClassI,A_0130
ClassI,A_0132
ClassI,A_0133
ClassI,A_0135
ClassI,A_0136
ClassI,A_0137
ClassI,A_0138
ClassI,A_0139
ClassI,A_0140
ClassI,A_0141
ClassI,A_0142
ClassI,A_0143
ClassI,A_0144
ClassI,A_0145
ClassI,A_0146
ClassI,A_0147
ClassI,A_0148
ClassI,A_0149
ClassI,A_0150
ClassI,A_0151
ClassI,A_0154
ClassI,A_0155
ClassI,A_0158
ClassI,A_0159
ClassI,A_0160
ClassI,A_0161
ClassI,A_0162
ClassI,A_0163
ClassI,A_0164
ClassI,A_0165
ClassI,A_0166
ClassI,A_0201
ClassI,A_0202
ClassI,A_0203
ClassI,A_0204
ClassI,A_0205
ClassI,A_0206
ClassI,A_0207
ClassI,A_0208
ClassI,A_0209
ClassI,A_0210
ClassI,A_0211
ClassI,A_0212
ClassI,A_0213
ClassI,A_0214
ClassI,A_0216
ClassI,A_0217
ClassI,A_0218
ClassI,A_0219
ClassI,A_0220
ClassI,A_0221
ClassI,A_0222
ClassI,A_0224
ClassI,A_0225
ClassI,A_0226
ClassI,A_0227
ClassI,A_0228
ClassI,A_0229
ClassI,A_0230
ClassI,A_0231
ClassI,A_0233
ClassI,A_0234
ClassI,A_0235
ClassI,A_0236
ClassI,A_0237
ClassI,A_0238
ClassI,A_0239
ClassI,A_0240
ClassI,A_0241
ClassI,A_0242
ClassI,A_0244
ClassI,A_0245
ClassI,A_0246
ClassI,A_0247
ClassI,A_0248
ClassI,A_0249
ClassI,A_0250
ClassI,A_0251
ClassI,A_0252
ClassI,A_0254
ClassI,A_0255
ClassI,A_0256
ClassI,A_0257
ClassI,A_0258
ClassI,A_0259
ClassI,A_0260
ClassI,A_0261
ClassI,A_0262
ClassI,A_0263
ClassI,A_0264
ClassI,A_0265
ClassI,A_0266
ClassI,A_0267
ClassI,A_0268
ClassI,A_0269
ClassI,A_0270
ClassI,A_0271
ClassI,A_0272
ClassI,A_0273
ClassI,A_0274
ClassI,A_0275
ClassI,A_0276
ClassI,A_0277
ClassI,A_0278
ClassI,A_0279
ClassI,A_0280
ClassI,A_0281
ClassI,A_0284
ClassI,A_0285
ClassI,A_0286
ClassI,A_0287
ClassI,A_0289
ClassI,A_0290
ClassI,A_0291
ClassI,A_0292
ClassI,A_0293
ClassI,A_0295
ClassI,A_0296
ClassI,A_0297
ClassI,A_0299
ClassI,A_0301
ClassI,A_0302
ClassI,A_0304
ClassI,A_0305
ClassI,A_0306
ClassI,A_0307
ClassI,A_0308
ClassI,A_0309
ClassI,A_0310
ClassI,A_0312
ClassI,A_0313
ClassI,A_0314
ClassI,A_0315
ClassI,A_0316
ClassI,A_0317
ClassI,A_0318
ClassI,A_0319
ClassI,A_0320
ClassI,A_0322
ClassI,A_0323
ClassI,A_0324
ClassI,A_0325
ClassI,A_0326
ClassI,A_0327
ClassI,A_0328
ClassI,A_0329
ClassI,A_0330
ClassI,A_0331
ClassI,A_0332
ClassI,A_0333
ClassI,A_0334
ClassI,A_0335
ClassI,A_0337
ClassI,A_0338
ClassI,A_0339
ClassI,A_0340
ClassI,A_0341
ClassI,A_0342
ClassI,A_0343
ClassI,A_0344
ClassI,A_0345
ClassI,A_0346
ClassI,A_0347
ClassI,A_0348
ClassI,A_0349
ClassI,A_0350
ClassI,A_0351
ClassI,A_0352
ClassI,A_0353
ClassI,A_0354
ClassI,A_0355
ClassI,A_0356
ClassI,A_0357
ClassI,A_0358
ClassI,A_0359
ClassI,A_0360
ClassI,A_0361
ClassI,A_0362
ClassI,A_0363
ClassI,A_0364
ClassI,A_0365
ClassI,A_0366
ClassI,A_0367
ClassI,A_0370
ClassI,A_0371
ClassI,A_0372
ClassI,A_0373
ClassI,A_0374
ClassI,A_0375
ClassI,A_0376
ClassI,A_0377
ClassI,A_0378
ClassI,A_0379
ClassI,A_0380
ClassI,A_0381
ClassI,A_0382
ClassI,A_1101
ClassI,A_1102
ClassI,A_1103
ClassI,A_1104
ClassI,A_1105
ClassI,A_1106
ClassI,A_1107
ClassI,A_1108
ClassI,A_1109
ClassI,A_1110
ClassI,A_1111
ClassI,A_1112
ClassI,A_1113
ClassI,A_1114
ClassI,A_1115
ClassI,A_1116
ClassI,A_1117
ClassI,A_1118
ClassI,A_1119
ClassI,A_1120
ClassI,A_1122
ClassI,A_1123
ClassI,A_1124
ClassI,A_1125
ClassI,A_1126
ClassI,A_1127
ClassI,A_1129
ClassI,A_1130
ClassI,A_1131
ClassI,A_1132
ClassI,A_1133
ClassI,A_1134
ClassI,A_1135
ClassI,A_1136
ClassI,A_1137
ClassI,A_1138
ClassI,A_1139
ClassI,A_1140
ClassI,A_1141
ClassI,A_1142
ClassI,A_1143
ClassI,A_1144
ClassI,A_1145
ClassI,A_1146
ClassI,A_1147
ClassI,A_1148
ClassI,A_1149
ClassI,A_1151
ClassI,A_1153
ClassI,A_1154
ClassI,A_1155
ClassI,A_1156
ClassI,A_1157
ClassI,A_1158
ClassI,A_1159
ClassI,A_1160
ClassI,A_1161
ClassI,A_1162
ClassI,A_1163
ClassI,A_1164
ClassI,A_2301
ClassI,A_2302
ClassI,A_2303
ClassI,A_2304
ClassI,A_2305
ClassI,A_2306
ClassI,A_2309
ClassI,A_2310
ClassI,A_2312
ClassI,A_2313
ClassI,A_2314
ClassI,A_2315
ClassI,A_2316
ClassI,A_2317
ClassI,A_2318
ClassI,A_2320
ClassI,A_2321
ClassI,A_2322
ClassI,A_2323
ClassI,A_2324
ClassI,A_2325
ClassI,A_2326
ClassI,A_2402
ClassI,A_2403
ClassI,A_2404
ClassI,A_2405
ClassI,A_2406
ClassI,A_2407
ClassI,A_2408
ClassI,A_2410
ClassI,A_2413
ClassI,A_2414
ClassI,A_2415
ClassI,A_2417
ClassI,A_2418
ClassI,A_2419
ClassI,A_2420
ClassI,A_2421
ClassI,A_2422
ClassI,A_2423
ClassI,A_2424
ClassI,A_2425
ClassI,A_2426
ClassI,A_2427
ClassI,A_2428
ClassI,A_2429
ClassI,A_2430
ClassI,A_2431
ClassI,A_2432
ClassI,A_2433
ClassI,A_2434
ClassI,A_2435
ClassI,A_2437
ClassI,A_2438
ClassI,A_2439
ClassI,A_2441
ClassI,A_2442
ClassI,A_2443
ClassI,A_2444
ClassI,A_2446
ClassI,A_2447
ClassI,A_2449
ClassI,A_2450
ClassI,A_2451
ClassI,A_2452
ClassI,A_2453
ClassI,A_2454
ClassI,A_2455
ClassI,A_2456
ClassI,A_2457
ClassI,A_2458
ClassI,A_2459
ClassI,A_2461
ClassI,A_2462
ClassI,A_2463
ClassI,A_2464
ClassI,A_2466
ClassI,A_2467
ClassI,A_2468
ClassI,A_2469
ClassI,A_2470
ClassI,A_2471
ClassI,A_2472
ClassI,A_2473
ClassI,A_2474
ClassI,A_2475
ClassI,A_2476
ClassI,A_2477
ClassI,A_2478
ClassI,A_2479
ClassI,A_2480
ClassI,A_2481
ClassI,A_2482
ClassI,A_2485
ClassI,A_2487
ClassI,A_2488
ClassI,A_2489
ClassI,A_2491
ClassI,A_2492
ClassI,A_2493
ClassI,A_2494
ClassI,A_2495
ClassI,A_2496
ClassI,A_2497
ClassI,A_2498
ClassI,A_2499
ClassI,A_2501
ClassI,A_2502
ClassI,A_2503
ClassI,A_2504
ClassI,A_2505
ClassI,A_2506
ClassI,A_2507
ClassI,A_2508
ClassI,A_2509
ClassI,A_2510
ClassI,A_2511
ClassI,A_2513
ClassI,A_2601
ClassI,A_2602
ClassI,A_2603
ClassI,A_2604
ClassI,A_2605
ClassI,A_2606
ClassI,A_2607
ClassI,A_2608
ClassI,A_2609
ClassI,A_2610
ClassI,A_2612
ClassI,A_2613
ClassI,A_2614
ClassI,A_2615
ClassI,A_2616
ClassI,A_2617
ClassI,A_2618
ClassI,A_2619
ClassI,A_2620
ClassI,A_2621
ClassI,A_2622
ClassI,A_2623
ClassI,A_2624
ClassI,A_2626
ClassI,A_2627
ClassI,A_2628
ClassI,A_2629
ClassI,A_2630
ClassI,A_2631
ClassI,A_2632
ClassI,A_2633
ClassI,A_2634
ClassI,A_2635
ClassI,A_2636
ClassI,A_2637
ClassI,A_2638
ClassI,A_2639
ClassI,A_2640
ClassI,A_2641
ClassI,A_2642
ClassI,A_2643
ClassI,A_2645
ClassI,A_2646
ClassI,A_2647
ClassI,A_2648
ClassI,A_2649
ClassI,A_2650
ClassI,A_2901
ClassI,A_2902
ClassI,A_2903
ClassI,A_2904
ClassI,A_2905
ClassI,A_2906
ClassI,A_2907
ClassI,A_2909
ClassI,A_2910
ClassI,A_2911
ClassI,A_2912
ClassI,A_2913
ClassI,A_2914
ClassI,A_2915
ClassI,A_2916
ClassI,A_2917
ClassI,A_2918
ClassI,A_2919
ClassI,A_2920
ClassI,A_2921
ClassI,A_2922
ClassI,A_3001
ClassI,A_3002
ClassI,A_3003
ClassI,A_3004
ClassI,A_3006
ClassI,A_3007
ClassI,A_3008
ClassI,A_3009
ClassI,A_3010
ClassI,A_3011
ClassI,A_3012
ClassI,A_3013
ClassI,A_3015
ClassI,A_3016
ClassI,A_3017
ClassI,A_3018
ClassI,A_3019
ClassI,A_3020
ClassI,A_3022
ClassI,A_3023
ClassI,A_3024
ClassI,A_3025
ClassI,A_3026
ClassI,A_3028
ClassI,A_3029
ClassI,A_3030
ClassI,A_3031
ClassI,A_3032
ClassI,A_3033
ClassI,A_3034
ClassI,A_3035
ClassI,A_3036
ClassI,A_3037
ClassI,A_3038
ClassI,A_3039
ClassI,A_3040
ClassI,A_3041
ClassI,A_3101
ClassI,A_3102
ClassI,A_3103
ClassI,A_3104
ClassI,A_3105
ClassI,A_3106
ClassI,A_3107
ClassI,A_3108
ClassI,A_3109
ClassI,A_3110
ClassI,A_3111
ClassI,A_3112
ClassI,A_3113
ClassI,A_3115
ClassI,A_3116
ClassI,A_3117
ClassI,A_3118
ClassI,A_3119
ClassI,A_3120
ClassI,A_3121
ClassI,A_3122
ClassI,A_3123
ClassI,A_3124
ClassI,A_3125
ClassI,A_3126
ClassI,A_3127
ClassI,A_3128
ClassI,A_3129
ClassI,A_3130
ClassI,A_3131
ClassI,A_3132
ClassI,A_3133
ClassI,A_3134
ClassI,A_3135
ClassI,A_3136
ClassI,A_3137
ClassI,A_3201
ClassI,A_3202
ClassI,A_3203
ClassI,A_3204
ClassI,A_3205
ClassI,A_3206
ClassI,A_3207
ClassI,A_3208
ClassI,A_3209
ClassI,A_3210
ClassI,A_3212
ClassI,A_3213
ClassI,A_3214
ClassI,A_3215
ClassI,A_3216
ClassI,A_3217
ClassI,A_3218
ClassI,A_3220
ClassI,A_3221
ClassI,A_3222
ClassI,A_3223
ClassI,A_3224
ClassI,A_3225
ClassI,A_3301
ClassI,A_3303
ClassI,A_3304
ClassI,A_3305
ClassI,A_3306
ClassI,A_3307
ClassI,A_3308
ClassI,A_3309
ClassI,A_3310
ClassI,A_3311
ClassI,A_3312
ClassI,A_3313
ClassI,A_3314
ClassI,A_3315
ClassI,A_3316
ClassI,A_3317
ClassI,A_3318
ClassI,A_3319
ClassI,A_3320
ClassI,A_3321
ClassI,A_3322
ClassI,A_3323
ClassI,A_3324
ClassI,A_3325
ClassI,A_3326
ClassI,A_3327
ClassI,A_3328
ClassI,A_3329
ClassI,A_3330
ClassI,A_3331
ClassI,A_3401
ClassI,A_3402
ClassI,A_3403
ClassI,A_3404
ClassI,A_3405
ClassI,A_3406
ClassI,A_3407
ClassI,A_3408
ClassI,A_3601
ClassI,A_3602
ClassI,A_3603
ClassI,A_3604
ClassI,A_3605
ClassI,A_4301
ClassI,A_6601
ClassI,A_6602
ClassI,A_6603
ClassI,A_6604
ClassI,A_6605
ClassI,A_6606
ClassI,A_6607
ClassI,A_6608
ClassI,A_6609
ClassI,A_6610
ClassI,A_6611
ClassI,A_6612
ClassI,A_6613
ClassI,A_6614
ClassI,A_6615
ClassI,A_6801
ClassI,A_6802
ClassI,A_6803
ClassI,A_6804
ClassI,A_6805
ClassI,A_6806
ClassI,A_6807
ClassI,A_6808
ClassI,A_6809
ClassI,A_6810
ClassI,A_6812
ClassI,A_6813
ClassI,A_6814
ClassI,A_6815
ClassI,A_6816
ClassI,A_6817
ClassI,A_6819
ClassI,A_6820
ClassI,A_6821
ClassI,A_6822
ClassI,A_6823
ClassI,A_6824
ClassI,A_6825
ClassI,A_6826
ClassI,A_6827
ClassI,A_6828
ClassI,A_6829
ClassI,A_6830
ClassI,A_6831
ClassI,A_6832
ClassI,A_6833
ClassI,A_6834
ClassI,A_6835
ClassI,A_6836
ClassI,A_6837
ClassI,A_6838
ClassI,A_6839
ClassI,A_6840
ClassI,A_6841
ClassI,A_6842
ClassI,A_6843
ClassI,A_6844
ClassI,A_6845
ClassI,A_6846
ClassI,A_6847
ClassI,A_6848
ClassI,A_6850
ClassI,A_6851
ClassI,A_6852
ClassI,A_6853
ClassI,A_6854
ClassI,A_6901
ClassI,A_7401
ClassI,A_7402
ClassI,A_7403
ClassI,A_7404
ClassI,A_7405
ClassI,A_7406
ClassI,A_7407
ClassI,A_7408
ClassI,A_7409
ClassI,A_7410
ClassI,A_7411
ClassI,A_7413
ClassI,A_8001
ClassI,A_8002
ClassI,B_0702
ClassI,B_0703
ClassI,B_0704
ClassI,B_0705
ClassI,B_0706
ClassI,B_0707
ClassI,B_0708
ClassI,B_0709
ClassI,B_0710
ClassI,B_0711
ClassI,B_0712
ClassI,B_0713
ClassI,B_0714
ClassI,B_0715
ClassI,B_0716
ClassI,B_0717
ClassI,B_0718
ClassI,B_0719
ClassI,B_0720
ClassI,B_0721
ClassI,B_0722
ClassI,B_0723
ClassI,B_0724
ClassI,B_0725
ClassI,B_0726
ClassI,B_0727
ClassI,B_0728
ClassI,B_0729
ClassI,B_0730
ClassI,B_0731
ClassI,B_0732
ClassI,B_0733
ClassI,B_0734
ClassI,B_0735
ClassI,B_0736
ClassI,B_0737
ClassI,B_0738
ClassI,B_0739
ClassI,B_0740
ClassI,B_0741
ClassI,B_0742
ClassI,B_0743
ClassI,B_0744
ClassI,B_0745
ClassI,B_0746
ClassI,B_0747
ClassI,B_0748
ClassI,B_0750
ClassI,B_0751
ClassI,B_0752
ClassI,B_0753
ClassI,B_0754
ClassI,B_0755
ClassI,B_0756
ClassI,B_0757
ClassI,B_0758
ClassI,B_0759
ClassI,B_0760
ClassI,B_0761
ClassI,B_0762
ClassI,B_0763
ClassI,B_0764
ClassI,B_0765
ClassI,B_0766
ClassI,B_0768
ClassI,B_0769
ClassI,B_0770
ClassI,B_0771
ClassI,B_0772
ClassI,B_0773
ClassI,B_0774
ClassI,B_0775
ClassI,B_0776
ClassI,B_0777
ClassI,B_0778
ClassI,B_0779
ClassI,B_0780
ClassI,B_0781
ClassI,B_0782
ClassI,B_0783
ClassI,B_0784
ClassI,B_0785
ClassI,B_0786
ClassI,B_0787
ClassI,B_0788
ClassI,B_0789
ClassI,B_0790
ClassI,B_0791
ClassI,B_0792
ClassI,B_0793
ClassI,B_0794
ClassI,B_0795
ClassI,B_0796
ClassI,B_0797
ClassI,B_0798
ClassI,B_0799
ClassI,B_0801
ClassI,B_0802
ClassI,B_0803
ClassI,B_0804
ClassI,B_0805
ClassI,B_0807
ClassI,B_0809
ClassI,B_0810
ClassI,B_0811
ClassI,B_0812
ClassI,B_0813
ClassI,B_0814
ClassI,B_0815
ClassI,B_0816
ClassI,B_0817
ClassI,B_0818
ClassI,B_0820
ClassI,B_0821
ClassI,B_0822
ClassI,B_0823
ClassI,B_0824
ClassI,B_0825
ClassI,B_0826
ClassI,B_0827
ClassI,B_0828
ClassI,B_0829
ClassI,B_0831
ClassI,B_0832
ClassI,B_0833
ClassI,B_0834
ClassI,B_0835
ClassI,B_0836
ClassI,B_0837
ClassI,B_0838
ClassI,B_0839
ClassI,B_0840
ClassI,B_0841
ClassI,B_0842
ClassI,B_0843
ClassI,B_0844
ClassI,B_0845
ClassI,B_0846
ClassI,B_0847
ClassI,B_0848
ClassI,B_0849
ClassI,B_0850
ClassI,B_0851
ClassI,B_0852
ClassI,B_0853
ClassI,B_0854
ClassI,B_0855
ClassI,B_0856
ClassI,B_0857
ClassI,B_0858
ClassI,B_0859
ClassI,B_0860
ClassI,B_0861
ClassI,B_0862
ClassI,B_1301
ClassI,B_1302
ClassI,B_1303
ClassI,B_1304
ClassI,B_1306
ClassI,B_1309
ClassI,B_1310
ClassI,B_1311
ClassI,B_1312
ClassI,B_1313
ClassI,B_1314
ClassI,B_1315
ClassI,B_1316
ClassI,B_1317
ClassI,B_1318
ClassI,B_1319
ClassI,B_1320
ClassI,B_1321
ClassI,B_1322
ClassI,B_1323
ClassI,B_1325
ClassI,B_1326
ClassI,B_1327
ClassI,B_1328
ClassI,B_1329
ClassI,B_1330
ClassI,B_1331
ClassI,B_1332
ClassI,B_1333
ClassI,B_1334
ClassI,B_1335
ClassI,B_1336
ClassI,B_1337
ClassI,B_1338
ClassI,B_1339
ClassI,B_1401
ClassI,B_1402
ClassI,B_1403
ClassI,B_1404
ClassI,B_1405
ClassI,B_1406
ClassI,B_1408
ClassI,B_1409
ClassI,B_1410
ClassI,B_1411
ClassI,B_1412
ClassI,B_1413
ClassI,B_1414
ClassI,B_1415
ClassI,B_1416
ClassI,B_1417
ClassI,B_1418
ClassI,B_1501
ClassI,B_1502
ClassI,B_1503
ClassI,B_1504
ClassI,B_1505
ClassI,B_1506
ClassI,B_1507
ClassI,B_1508
ClassI,B_1509
ClassI,B_1510
ClassI,B_1511
ClassI,B_1512
ClassI,B_1513
ClassI,B_1514
ClassI,B_1515
ClassI,B_1516
ClassI,B_1517
ClassI,B_1518
ClassI,B_1519
ClassI,B_1520
ClassI,B_1521
ClassI,B_1523
ClassI,B_1524
ClassI,B_1525
ClassI,B_1527
ClassI,B_1528
ClassI,B_1529
ClassI,B_1530
ClassI,B_1531
ClassI,B_1532
ClassI,B_1533
ClassI,B_1534
ClassI,B_1535
ClassI,B_1536
ClassI,B_1537
ClassI,B_1538
ClassI,B_1539
ClassI,B_1540
ClassI,B_1542
ClassI,B_1543
ClassI,B_1544
ClassI,B_1545
ClassI,B_1546
ClassI,B_1547
ClassI,B_1548
ClassI,B_1549
ClassI,B_1550
ClassI,B_1551
ClassI,B_1552
ClassI,B_1553
ClassI,B_1554
ClassI,B_1555
ClassI,B_1556
ClassI,B_1557
ClassI,B_1558
ClassI,B_1560
ClassI,B_1561
ClassI,B_1562
ClassI,B_1563
ClassI,B_1564
ClassI,B_1565
ClassI,B_1566
ClassI,B_1567
ClassI,B_1568
ClassI,B_1569
ClassI,B_1570
ClassI,B_1571
ClassI,B_1572
ClassI,B_1573
ClassI,B_1574
ClassI,B_1575
ClassI,B_1576
ClassI,B_1577
ClassI,B_1578
ClassI,B_1580
ClassI,B_1581
ClassI,B_1582
ClassI,B_1583
ClassI,B_1584
ClassI,B_1585
ClassI,B_1586
ClassI,B_1587
ClassI,B_1588
ClassI,B_1589
ClassI,B_1590
ClassI,B_1591
ClassI,B_1592
ClassI,B_1593
ClassI,B_1595
ClassI,B_1596
ClassI,B_1597
ClassI,B_1598
ClassI,B_1599
ClassI,B_1801
ClassI,B_1802
ClassI,B_1803
ClassI,B_1804
ClassI,B_1805
ClassI,B_1806
ClassI,B_1807
ClassI,B_1808
ClassI,B_1809
ClassI,B_1810
ClassI,B_1811
ClassI,B_1812
ClassI,B_1813
ClassI,B_1814
ClassI,B_1815
ClassI,B_1818
ClassI,B_1819
ClassI,B_1820
ClassI,B_1821
ClassI,B_1822
ClassI,B_1824
ClassI,B_1825
ClassI,B_1826
ClassI,B_1827
ClassI,B_1828
ClassI,B_1829
ClassI,B_1830
ClassI,B_1831
ClassI,B_1832
ClassI,B_1833
ClassI,B_1834
ClassI,B_1835
ClassI,B_1836
ClassI,B_1837
ClassI,B_1838
ClassI,B_1839
ClassI,B_1840
ClassI,B_1841
ClassI,B_1842
ClassI,B_1843
ClassI,B_1844
ClassI,B_1845
ClassI,B_1846
ClassI,B_1847
ClassI,B_1848
ClassI,B_1849
ClassI,B_1850
ClassI,B_2701
ClassI,B_2702
ClassI,B_2703
ClassI,B_2704
ClassI,B_2705
ClassI,B_2706
ClassI,B_2707
ClassI,B_2708
ClassI,B_2709
ClassI,B_2710
ClassI,B_2711
ClassI,B_2712
ClassI,B_2713
ClassI,B_2714
ClassI,B_2715
ClassI,B_2716
ClassI,B_2717
ClassI,B_2718
ClassI,B_2719
ClassI,B_2720
ClassI,B_2721
ClassI,B_2723
ClassI,B_2724
ClassI,B_2725
ClassI,B_2726
ClassI,B_2727
ClassI,B_2728
ClassI,B_2729
ClassI,B_2730
ClassI,B_2731
ClassI,B_2732
ClassI,B_2733
ClassI,B_2734
ClassI,B_2735
ClassI,B_2736
ClassI,B_2737
ClassI,B_2738
ClassI,B_2739
ClassI,B_2740
ClassI,B_2741
ClassI,B_2742
ClassI,B_2743
ClassI,B_2744
ClassI,B_2745
ClassI,B_2746
ClassI,B_2747
ClassI,B_2748
ClassI,B_2749
ClassI,B_2750
ClassI,B_2751
ClassI,B_2752
ClassI,B_2753
ClassI,B_2754
ClassI,B_2755
ClassI,B_2756
ClassI,B_2757
ClassI,B_2758
ClassI,B_2760
ClassI,B_2761
ClassI,B_2762
ClassI,B_2763
ClassI,B_2767
ClassI,B_2768
ClassI,B_2769
ClassI,B_3501
ClassI,B_3502
ClassI,B_3503
ClassI,B_3504
ClassI,B_3505
ClassI,B_3506
ClassI,B_3507
ClassI,B_3508
ClassI,B_3509
ClassI,B_3510
ClassI,B_3511
ClassI,B_3512
ClassI,B_3513
ClassI,B_3514
ClassI,B_3515
ClassI,B_3516
ClassI,B_3517
ClassI,B_3518
ClassI,B_3519
ClassI,B_3520
ClassI,B_3521
ClassI,B_3522
ClassI,B_3523
ClassI,B_3524
ClassI,B_3525
ClassI,B_3526
ClassI,B_3527
ClassI,B_3528
ClassI,B_3529
ClassI,B_3530
ClassI,B_3531
ClassI,B_3532
ClassI,B_3533
ClassI,B_3534
ClassI,B_3535
ClassI,B_3536
ClassI,B_3537
ClassI,B_3538
ClassI,B_3539
ClassI,B_3541
ClassI,B_3542
ClassI,B_3543
ClassI,B_3544
ClassI,B_3545
ClassI,B_3546
ClassI,B_3547
ClassI,B_3548
ClassI,B_3549
ClassI,B_3550
ClassI,B_3551
ClassI,B_3552
ClassI,B_3554
ClassI,B_3555
ClassI,B_3556
ClassI,B_3557
ClassI,B_3558
ClassI,B_3559
ClassI,B_3560
ClassI,B_3561
ClassI,B_3562
ClassI,B_3563
ClassI,B_3564
ClassI,B_3566
ClassI,B_3567
ClassI,B_3568
ClassI,B_3569
ClassI,B_3570
ClassI,B_3571
ClassI,B_3572
ClassI,B_3574
ClassI,B_3575
ClassI,B_3576
ClassI,B_3577
ClassI,B_3578
ClassI,B_3579
ClassI,B_3580
ClassI,B_3581
ClassI,B_3582
ClassI,B_3583
ClassI,B_3584
ClassI,B_3585
ClassI,B_3586
ClassI,B_3587
ClassI,B_3588
ClassI,B_3589
ClassI,B_3590
ClassI,B_3591
ClassI,B_3592
ClassI,B_3593
ClassI,B_3594
ClassI,B_3595
ClassI,B_3596
ClassI,B_3597
ClassI,B_3598
ClassI,B_3599
ClassI,B_3701
ClassI,B_3702
ClassI,B_3704
ClassI,B_3705
ClassI,B_3706
ClassI,B_3707
ClassI,B_3708
ClassI,B_3709
ClassI,B_3710
ClassI,B_3711
ClassI,B_3712
ClassI,B_3713
ClassI,B_3714
ClassI,B_3715
ClassI,B_3717
ClassI,B_3718
ClassI,B_3719
ClassI,B_3720
ClassI,B_3721
ClassI,B_3722
ClassI,B_3723
ClassI,B_3801
ClassI,B_3802
ClassI,B_3803
ClassI,B_3804
ClassI,B_3805
ClassI,B_3806
ClassI,B_3807
ClassI,B_3808
ClassI,B_3809
ClassI,B_3810
ClassI,B_3811
ClassI,B_3812
ClassI,B_3813
ClassI,B_3814
ClassI,B_3815
ClassI,B_3816
ClassI,B_3817
ClassI,B_3818
ClassI,B_3819
ClassI,B_3820
ClassI,B_3821
ClassI,B_3822
ClassI,B_3823
ClassI,B_3901
ClassI,B_3902
ClassI,B_3903
ClassI,B_3904
ClassI,B_3905
ClassI,B_3906
ClassI,B_3907
ClassI,B_3908
ClassI,B_3909
ClassI,B_3910
ClassI,B_3911
ClassI,B_3912
ClassI,B_3913
ClassI,B_3914
ClassI,B_3915
ClassI,B_3916
ClassI,B_3917
ClassI,B_3918
ClassI,B_3919
ClassI,B_3920
ClassI,B_3922
ClassI,B_3923
ClassI,B_3924
ClassI,B_3926
ClassI,B_3927
ClassI,B_3928
ClassI,B_3929
ClassI,B_3930
ClassI,B_3931
ClassI,B_3932
ClassI,B_3933
ClassI,B_3934
ClassI,B_3935
ClassI,B_3936
ClassI,B_3937
ClassI,B_3939
ClassI,B_3941
ClassI,B_3942
ClassI,B_3943
ClassI,B_3944
ClassI,B_3945
ClassI,B_3946
ClassI,B_3947
ClassI,B_3948
ClassI,B_3949
ClassI,B_3950
ClassI,B_3951
ClassI,B_3952
ClassI,B_3953
ClassI,B_3954
ClassI,B_3955
ClassI,B_3956
ClassI,B_3957
ClassI,B_3958
ClassI,B_3959
ClassI,B_3960
ClassI,B_4001
ClassI,B_4002
ClassI,B_4003
ClassI,B_4004
ClassI,B_4005
ClassI,B_4006
ClassI,B_4007
ClassI,B_4008
ClassI,B_4009
ClassI,B_4010
ClassI,B_4011
ClassI,B_4012
ClassI,B_4013
ClassI,B_4014
ClassI,B_4015
ClassI,B_4016
ClassI,B_4018
ClassI,B_4019
ClassI,B_4020
ClassI,B_4021
ClassI,B_4023
ClassI,B_4024
ClassI,B_4025
ClassI,B_4026
ClassI,B_4027
ClassI,B_4028
ClassI,B_4029
ClassI,B_4030
ClassI,B_4031
ClassI,B_4032
ClassI,B_4033
ClassI,B_4034
ClassI,B_4035
ClassI,B_4036
ClassI,B_4037
ClassI,B_4038
ClassI,B_4039
ClassI,B_4040
ClassI,B_4042
ClassI,B_4043
ClassI,B_4044
ClassI,B_4045
ClassI,B_4046
ClassI,B_4047
ClassI,B_4048
ClassI,B_4049
ClassI,B_4050
ClassI,B_4051
ClassI,B_4052
ClassI,B_4053
ClassI,B_4054
ClassI,B_4055
ClassI,B_4056
ClassI,B_4057
ClassI,B_4058
ClassI,B_4059
ClassI,B_4060
ClassI,B_4061
ClassI,B_4062
ClassI,B_4063
ClassI,B_4064
ClassI,B_4065
ClassI,B_4066
ClassI,B_4067
ClassI,B_4068
ClassI,B_4069
ClassI,B_4070
ClassI,B_4071
ClassI,B_4072
ClassI,B_4073
ClassI,B_4074
ClassI,B_4075
ClassI,B_4076
ClassI,B_4077
ClassI,B_4078
ClassI,B_4079
ClassI,B_4080
ClassI,B_4081
ClassI,B_4082
ClassI,B_4083
ClassI,B_4084
ClassI,B_4085
ClassI,B_4086
ClassI,B_4087
ClassI,B_4088
ClassI,B_4089
ClassI,B_4090
ClassI,B_4091
ClassI,B_4092
ClassI,B_4093
ClassI,B_4094
ClassI,B_4095
ClassI,B_4096
ClassI,B_4097
ClassI,B_4098
ClassI,B_4099
ClassI,B_4101
ClassI,B_4102
ClassI,B_4103
ClassI,B_4104
ClassI,B_4105
ClassI,B_4106
ClassI,B_4107
ClassI,B_4108
ClassI,B_4109
ClassI,B_4110
ClassI,B_4111
ClassI,B_4112
ClassI,B_4201
ClassI,B_4202
ClassI,B_4204
ClassI,B_4205
ClassI,B_4206
ClassI,B_4207
ClassI,B_4208
ClassI,B_4209
ClassI,B_4210
ClassI,B_4211
ClassI,B_4212
ClassI,B_4213
ClassI,B_4214
ClassI,B_4402
ClassI,B_4403
ClassI,B_4404
ClassI,B_4405
ClassI,B_4406
ClassI,B_4407
ClassI,B_4408
ClassI,B_4409
ClassI,B_4410
ClassI,B_4411
ClassI,B_4412
ClassI,B_4413
ClassI,B_4414
ClassI,B_4415
ClassI,B_4416
ClassI,B_4417
ClassI,B_4418
ClassI,B_4420
ClassI,B_4421
ClassI,B_4422
ClassI,B_4424
ClassI,B_4425
ClassI,B_4426
ClassI,B_4427
ClassI,B_4428
ClassI,B_4429
ClassI,B_4430
ClassI,B_4431
ClassI,B_4432
ClassI,B_4433
ClassI,B_4434
ClassI,B_4435
ClassI,B_4436
ClassI,B_4437
ClassI,B_4438
ClassI,B_4439
ClassI,B_4440
ClassI,B_4441
ClassI,B_4442
ClassI,B_4443
ClassI,B_4444
ClassI,B_4445
ClassI,B_4446
ClassI,B_4447
ClassI,B_4448
ClassI,B_4449
ClassI,B_4450
ClassI,B_4451
ClassI,B_4453
ClassI,B_4454
ClassI,B_4455
ClassI,B_4457
ClassI,B_4459
ClassI,B_4460
ClassI,B_4462
ClassI,B_4463
ClassI,B_4464
ClassI,B_4465
ClassI,B_4466
ClassI,B_4467
ClassI,B_4468
ClassI,B_4469
ClassI,B_4470
ClassI,B_4471
ClassI,B_4472
ClassI,B_4473
ClassI,B_4474
ClassI,B_4475
ClassI,B_4476
ClassI,B_4477
ClassI,B_4478
ClassI,B_4479
ClassI,B_4480
ClassI,B_4481
ClassI,B_4482
ClassI,B_4483
ClassI,B_4484
ClassI,B_4485
ClassI,B_4486
ClassI,B_4487
ClassI,B_4488
ClassI,B_4489
ClassI,B_4490
ClassI,B_4491
ClassI,B_4492
ClassI,B_4493
ClassI,B_4494
ClassI,B_4495
ClassI,B_4496
ClassI,B_4497
ClassI,B_4498
ClassI,B_4499
ClassI,B_4501
ClassI,B_4502
ClassI,B_4503
ClassI,B_4504
ClassI,B_4505
ClassI,B_4506
ClassI,B_4507
ClassI,B_4508
ClassI,B_4509
ClassI,B_4510
ClassI,B_4511
ClassI,B_4512
ClassI,B_4601
ClassI,B_4602
ClassI,B_4603
ClassI,B_4604
ClassI,B_4605
ClassI,B_4606
ClassI,B_4608
ClassI,B_4609
ClassI,B_4610
ClassI,B_4611
ClassI,B_4612
ClassI,B_4613
ClassI,B_4614
ClassI,B_4616
ClassI,B_4617
ClassI,B_4618
ClassI,B_4619
ClassI,B_4620
ClassI,B_4621
ClassI,B_4622
ClassI,B_4623
ClassI,B_4624
ClassI,B_4701
ClassI,B_4702
ClassI,B_4703
ClassI,B_4704
ClassI,B_4705
ClassI,B_4706
ClassI,B_4707
ClassI,B_4801
ClassI,B_4802
ClassI,B_4803
ClassI,B_4804
ClassI,B_4805
ClassI,B_4806
ClassI,B_4807
ClassI,B_4808
ClassI,B_4809
ClassI,B_4810
ClassI,B_4811
ClassI,B_4812
ClassI,B_4813
ClassI,B_4814
ClassI,B_4815
ClassI,B_4816
ClassI,B_4817
ClassI,B_4818
ClassI,B_4819
ClassI,B_4820
ClassI,B_4821
ClassI,B_4822
ClassI,B_4823
ClassI,B_4901
ClassI,B_4902
ClassI,B_4903
ClassI,B_4904
ClassI,B_4905
ClassI,B_4906
ClassI,B_4907
ClassI,B_4908
ClassI,B_4909
ClassI,B_4910
ClassI,B_5001
ClassI,B_5002
ClassI,B_5004
ClassI,B_5005
ClassI,B_5006
ClassI,B_5007
ClassI,B_5008
ClassI,B_5009
ClassI,B_5101
ClassI,B_5102
ClassI,B_5103
ClassI,B_5104
ClassI,B_5105
ClassI,B_5106
ClassI,B_5107
ClassI,B_5108
ClassI,B_5109
ClassI,B_5112
ClassI,B_5113
ClassI,B_5114
ClassI,B_5115
ClassI,B_5116
ClassI,B_5117
ClassI,B_5118
ClassI,B_5119
ClassI,B_5120
ClassI,B_5121
ClassI,B_5122
ClassI,B_5123
ClassI,B_5124
ClassI,B_5126
ClassI,B_5128
ClassI,B_5129
ClassI,B_5130
ClassI,B_5131
ClassI,B_5132
ClassI,B_5133
ClassI,B_5134
ClassI,B_5135
ClassI,B_5136
ClassI,B_5137
ClassI,B_5138
ClassI,B_5139
ClassI,B_5140
ClassI,B_5142
ClassI,B_5143
ClassI,B_5145
ClassI,B_5146
ClassI,B_5148
ClassI,B_5149
ClassI,B_5150
ClassI,B_5151
ClassI,B_5152
ClassI,B_5153
ClassI,B_5154
ClassI,B_5155
ClassI,B_5156
ClassI,B_5157
ClassI,B_5158
ClassI,B_5159
ClassI,B_5160
ClassI,B_5161
ClassI,B_5162
ClassI,B_5163
ClassI,B_5164
ClassI,B_5165
ClassI,B_5166
ClassI,B_5167
ClassI,B_5168
ClassI,B_5169
ClassI,B_5170
ClassI,B_5171
ClassI,B_5172
ClassI,B_5173
ClassI,B_5174
ClassI,B_5175
ClassI,B_5176
ClassI,B_5177
ClassI,B_5178
ClassI,B_5179
ClassI,B_5180
ClassI,B_5181
ClassI,B_5182
ClassI,B_5183
ClassI,B_5184
ClassI,B_5185
ClassI,B_5186
ClassI,B_5187
ClassI,B_5188
ClassI,B_5189
ClassI,B_5190
ClassI,B_5191
ClassI,B_5192
ClassI,B_5193
ClassI,B_5194
ClassI,B_5195
ClassI,B_5196
ClassI,B_5201
ClassI,B_5202
ClassI,B_5203
ClassI,B_5204
ClassI,B_5205
ClassI,B_5206
ClassI,B_5207
ClassI,B_5208
ClassI,B_5209
ClassI,B_5210
ClassI,B_5211
ClassI,B_5212
ClassI,B_5213
ClassI,B_5214
ClassI,B_5215
ClassI,B_5216
ClassI,B_5217
ClassI,B_5218
ClassI,B_5219
ClassI,B_5220
ClassI,B_5221
ClassI,B_5301
ClassI,B_5302
ClassI,B_5303
ClassI,B_5304
ClassI,B_5305
ClassI,B_5306
ClassI,B_5307
ClassI,B_5308
ClassI,B_5309
ClassI,B_5310
ClassI,B_5311
ClassI,B_5312
ClassI,B_5313
ClassI,B_5314
ClassI,B_5315
ClassI,B_5316
ClassI,B_5317
ClassI,B_5318
ClassI,B_5319
ClassI,B_5320
ClassI,B_5321
ClassI,B_5322
ClassI,B_5323
ClassI,B_5401
ClassI,B_5402
ClassI,B_5403
ClassI,B_5404
ClassI,B_5406
ClassI,B_5407
ClassI,B_5409
ClassI,B_5410
ClassI,B_5411
ClassI,B_5412
ClassI,B_5413
ClassI,B_5414
ClassI,B_5415
ClassI,B_5416
ClassI,B_5417
ClassI,B_5418
ClassI,B_5419
ClassI,B_5420
ClassI,B_5421
ClassI,B_5422
ClassI,B_5423
ClassI,B_5501
ClassI,B_5502
ClassI,B_5503
ClassI,B_5504
ClassI,B_5505
ClassI,B_5507
ClassI,B_5508
ClassI,B_5509
ClassI,B_5510
ClassI,B_5511
ClassI,B_5512
ClassI,B_5513
ClassI,B_5514
ClassI,B_5515
ClassI,B_5516
ClassI,B_5517
ClassI,B_5518
ClassI,B_5519
ClassI,B_5520
ClassI,B_5521
ClassI,B_5522
ClassI,B_5523
ClassI,B_5524
ClassI,B_5525
ClassI,B_5526
ClassI,B_5527
ClassI,B_5528
ClassI,B_5529
ClassI,B_5530
ClassI,B_5531
ClassI,B_5532
ClassI,B_5533
ClassI,B_5534
ClassI,B_5535
ClassI,B_5536
ClassI,B_5537
ClassI,B_5538
ClassI,B_5539
ClassI,B_5540
ClassI,B_5541
ClassI,B_5542
ClassI,B_5543
ClassI,B_5601
ClassI,B_5602
ClassI,B_5603
ClassI,B_5604
ClassI,B_5605
ClassI,B_5606
ClassI,B_5607
ClassI,B_5608
ClassI,B_5609
ClassI,B_5610
ClassI,B_5611
ClassI,B_5612
ClassI,B_5613
ClassI,B_5614
ClassI,B_5615
ClassI,B_5616
ClassI,B_5617
ClassI,B_5618
ClassI,B_5620
ClassI,B_5621
ClassI,B_5622
ClassI,B_5623
ClassI,B_5624
ClassI,B_5625
ClassI,B_5626
ClassI,B_5627
ClassI,B_5629
ClassI,B_5701
ClassI,B_5702
ClassI,B_5703
ClassI,B_5704
ClassI,B_5705
ClassI,B_5706
ClassI,B_5707
ClassI,B_5708
ClassI,B_5709
ClassI,B_5710
ClassI,B_5711
ClassI,B_5712
ClassI,B_5713
ClassI,B_5714
ClassI,B_5715
ClassI,B_5716
ClassI,B_5717
ClassI,B_5718
ClassI,B_5719
ClassI,B_5720
ClassI,B_5721
ClassI,B_5722
ClassI,B_5723
ClassI,B_5724
ClassI,B_5725
ClassI,B_5726
ClassI,B_5727
ClassI,B_5729
ClassI,B_5730
ClassI,B_5731
ClassI,B_5732
ClassI,B_5801
ClassI,B_5802
ClassI,B_5804
ClassI,B_5805
ClassI,B_5806
ClassI,B_5807
ClassI,B_5808
ClassI,B_5809
ClassI,B_5811
ClassI,B_5812
ClassI,B_5813
ClassI,B_5814
ClassI,B_5815
ClassI,B_5816
ClassI,B_5818
ClassI,B_5819
ClassI,B_5820
ClassI,B_5821
ClassI,B_5822
ClassI,B_5823
ClassI,B_5824
ClassI,B_5825
ClassI,B_5826
ClassI,B_5827
ClassI,B_5828
ClassI,B_5829
ClassI,B_5830
ClassI,B_5901
ClassI,B_5902
ClassI,B_5903
ClassI,B_5904
ClassI,B_5905
ClassI,B_6701
ClassI,B_6702
ClassI,B_7301
ClassI,B_7302
ClassI,B_7801
ClassI,B_7802
ClassI,B_7803
ClassI,B_7804
ClassI,B_7805
ClassI,B_7806
ClassI,B_7807
ClassI,B_8101
ClassI,B_8102
ClassI,B_8103
ClassI,B_8105
ClassI,B_8201
ClassI,B_8202
ClassI,B_8203
ClassI,B_8301
ClassI,C_0102
ClassI,C_0103
ClassI,C_0104
ClassI,C_0105
ClassI,C_0106
ClassI,C_0107
ClassI,C_0108
ClassI,C_0109
ClassI,C_0110
ClassI,C_0111
ClassI,C_0112
ClassI,C_0113
ClassI,C_0114
ClassI,C_0115
ClassI,C_0116
ClassI,C_0117
ClassI,C_0118
ClassI,C_0119
ClassI,C_0120
ClassI,C_0121
ClassI,C_0122
ClassI,C_0123
ClassI,C_0124
ClassI,C_0125
ClassI,C_0126
ClassI,C_0127
ClassI,C_0128
ClassI,C_0129
ClassI,C_0130
ClassI,C_0131
ClassI,C_0132
ClassI,C_0133
ClassI,C_0134
ClassI,C_0135
ClassI,C_0136
ClassI,C_0138
ClassI,C_0139
ClassI,C_0140
ClassI,C_0202
ClassI,C_0203
ClassI,C_0204
ClassI,C_0205
ClassI,C_0206
ClassI,C_0207
ClassI,C_0208
ClassI,C_0209
ClassI,C_0210
ClassI,C_0211
ClassI,C_0212
ClassI,C_0213
ClassI,C_0214
ClassI,C_0215
ClassI,C_0216
ClassI,C_0217
ClassI,C_0218
ClassI,C_0219
ClassI,C_0220
ClassI,C_0221
ClassI,C_0222
ClassI,C_0223
ClassI,C_0224
ClassI,C_0226
ClassI,C_0227
ClassI,C_0228
ClassI,C_0229
ClassI,C_0230
ClassI,C_0231
ClassI,C_0232
ClassI,C_0233
ClassI,C_0234
ClassI,C_0235
ClassI,C_0236
ClassI,C_0237
ClassI,C_0239
ClassI,C_0240
ClassI,C_0301
ClassI,C_0302
ClassI,C_0303
ClassI,C_0304
ClassI,C_0305
ClassI,C_0306
ClassI,C_0307
ClassI,C_0308
ClassI,C_0309
ClassI,C_0310
ClassI,C_0311
ClassI,C_0312
ClassI,C_0313
ClassI,C_0314
ClassI,C_0315
ClassI,C_0316
ClassI,C_0317
ClassI,C_0318
ClassI,C_0319
ClassI,C_0321
ClassI,C_0323
ClassI,C_0324
ClassI,C_0325
ClassI,C_0326
ClassI,C_0327
ClassI,C_0328
ClassI,C_0329
ClassI,C_0330
ClassI,C_0331
ClassI,C_0332
ClassI,C_0333
ClassI,C_0334
ClassI,C_0335
ClassI,C_0336
ClassI,C_0337
ClassI,C_0338
ClassI,C_0339
ClassI,C_0340
ClassI,C_0341
ClassI,C_0342
ClassI,C_0343
ClassI,C_0344
ClassI,C_0345
ClassI,C_0346
ClassI,C_0347
ClassI,C_0348
ClassI,C_0349
ClassI,C_0350
ClassI,C_0351
ClassI,C_0352
ClassI,C_0353
ClassI,C_0354
ClassI,C_0355
ClassI,C_0356
ClassI,C_0357
ClassI,C_0358
ClassI,C_0359
ClassI,C_0360
ClassI,C_0361
ClassI,C_0362
ClassI,C_0363
ClassI,C_0364
ClassI,C_0365
ClassI,C_0366
ClassI,C_0367
ClassI,C_0368
ClassI,C_0369
ClassI,C_0370
ClassI,C_0371
ClassI,C_0372
ClassI,C_0373
ClassI,C_0374
ClassI,C_0375
ClassI,C_0376
ClassI,C_0377
ClassI,C_0378
ClassI,C_0379
ClassI,C_0380
ClassI,C_0381
ClassI,C_0382
ClassI,C_0383
ClassI,C_0384
ClassI,C_0385
ClassI,C_0386
ClassI,C_0387
ClassI,C_0388
ClassI,C_0389
ClassI,C_0390
ClassI,C_0391
ClassI,C_0392
ClassI,C_0393
ClassI,C_0394
ClassI,C_0401
ClassI,C_0403
ClassI,C_0404
ClassI,C_0405
ClassI,C_0406
ClassI,C_0407
ClassI,C_0408
ClassI,C_0410
ClassI,C_0411
ClassI,C_0412
ClassI,C_0413
ClassI,C_0414
ClassI,C_0415
ClassI,C_0416
ClassI,C_0417
ClassI,C_0418
ClassI,C_0419
ClassI,C_0420
ClassI,C_0423
ClassI,C_0424
ClassI,C_0425
ClassI,C_0426
ClassI,C_0427
ClassI,C_0428
ClassI,C_0429
ClassI,C_0430
ClassI,C_0431
ClassI,C_0432
ClassI,C_0433
ClassI,C_0434
ClassI,C_0435
ClassI,C_0436
ClassI,C_0437
ClassI,C_0438
ClassI,C_0439
ClassI,C_0440
ClassI,C_0441
ClassI,C_0442
ClassI,C_0443
ClassI,C_0444
ClassI,C_0445
ClassI,C_0446
ClassI,C_0447
ClassI,C_0448
ClassI,C_0449
ClassI,C_0450
ClassI,C_0451
ClassI,C_0452
ClassI,C_0453
ClassI,C_0454
ClassI,C_0455
ClassI,C_0456
ClassI,C_0457
ClassI,C_0458
ClassI,C_0460
ClassI,C_0461
ClassI,C_0462
ClassI,C_0463
ClassI,C_0464
ClassI,C_0465
ClassI,C_0466
ClassI,C_0467
ClassI,C_0468
ClassI,C_0469
ClassI,C_0470
ClassI,C_0501
ClassI,C_0503
ClassI,C_0504
ClassI,C_0505
ClassI,C_0506
ClassI,C_0508
ClassI,C_0509
ClassI,C_0510
ClassI,C_0511
ClassI,C_0512
ClassI,C_0513
ClassI,C_0514
ClassI,C_0515
ClassI,C_0516
ClassI,C_0517
ClassI,C_0518
ClassI,C_0519
ClassI,C_0520
ClassI,C_0521
ClassI,C_0522
ClassI,C_0523
ClassI,C_0524
ClassI,C_0525
ClassI,C_0526
ClassI,C_0527
ClassI,C_0528
ClassI,C_0529
ClassI,C_0530
ClassI,C_0531
ClassI,C_0532
ClassI,C_0533
ClassI,C_0534
ClassI,C_0535
ClassI,C_0536
ClassI,C_0537
ClassI,C_0538
ClassI,C_0539
ClassI,C_0540
ClassI,C_0541
ClassI,C_0542
ClassI,C_0543
ClassI,C_0544
ClassI,C_0545
ClassI,C_0602
ClassI,C_0603
ClassI,C_0604
ClassI,C_0605
ClassI,C_0606
ClassI,C_0607
ClassI,C_0608
ClassI,C_0609
ClassI,C_0610
ClassI,C_0611
ClassI,C_0612
ClassI,C_0613
ClassI,C_0614
ClassI,C_0615
ClassI,C_0617
ClassI,C_0618
ClassI,C_0619
ClassI,C_0620
ClassI,C_0621
ClassI,C_0622
ClassI,C_0623
ClassI,C_0624
ClassI,C_0625
ClassI,C_0626
ClassI,C_0627
ClassI,C_0628
ClassI,C_0629
ClassI,C_0630
ClassI,C_0631
ClassI,C_0632
ClassI,C_0633
ClassI,C_0634
ClassI,C_0635
ClassI,C_0636
ClassI,C_0637
ClassI,C_0638
ClassI,C_0639
ClassI,C_0640
ClassI,C_0641
ClassI,C_0642
ClassI,C_0643
ClassI,C_0644
ClassI,C_0645
ClassI,C_0701
ClassI,C_0702
ClassI,C_0703
ClassI,C_0704
ClassI,C_0705
ClassI,C_0706
ClassI,C_0707
ClassI,C_0708
ClassI,C_0709
ClassI,C_0710
ClassI,C_0711
ClassI,C_0712
ClassI,C_0713
ClassI,C_0714
ClassI,C_0715
ClassI,C_0716
ClassI,C_0717
ClassI,C_0718
ClassI,C_0719
ClassI,C_0720
ClassI,C_0721
ClassI,C_0722
ClassI,C_0723
ClassI,C_0724
ClassI,C_0725
ClassI,C_0726
ClassI,C_0727
ClassI,C_0728
ClassI,C_0729
ClassI,C_0730
ClassI,C_0731
ClassI,C_0735
ClassI,C_0736
ClassI,C_0737
ClassI,C_0738
ClassI,C_0739
ClassI,C_0740
ClassI,C_0741
ClassI,C_0742
ClassI,C_0743
ClassI,C_0744
ClassI,C_0745
ClassI,C_0746
ClassI,C_0747
ClassI,C_0748
ClassI,C_0749
ClassI,C_0750
ClassI,C_0751
ClassI,C_0752
ClassI,C_0753
ClassI,C_0754
ClassI,C_0756
ClassI,C_0757
ClassI,C_0758
ClassI,C_0759
ClassI,C_0760
ClassI,C_0762
ClassI,C_0763
ClassI,C_0764
ClassI,C_0765
ClassI,C_0766
ClassI,C_0767
ClassI,C_0768
ClassI,C_0769
ClassI,C_0770
ClassI,C_0771
ClassI,C_0772
ClassI,C_0773
ClassI,C_0774
ClassI,C_0775
ClassI,C_0776
ClassI,C_0777
ClassI,C_0778
ClassI,C_0779
ClassI,C_0780
ClassI,C_0781
ClassI,C_0782
ClassI,C_0783
ClassI,C_0784
ClassI,C_0785
ClassI,C_0786
ClassI,C_0787
ClassI,C_0788
ClassI,C_0789
ClassI,C_0790
ClassI,C_0791
ClassI,C_0792
ClassI,C_0793
ClassI,C_0794
ClassI,C_0795
ClassI,C_0796
ClassI,C_0797
ClassI,C_0799
ClassI,C_0801
ClassI,C_0802
ClassI,C_0803
ClassI,C_0804
ClassI,C_0805
ClassI,C_0806
ClassI,C_0807
ClassI,C_0808
ClassI,C_0809
ClassI,C_0810
ClassI,C_0811
ClassI,C_0812
ClassI,C_0813
ClassI,C_0814
ClassI,C_0815
ClassI,C_0816
ClassI,C_0817
ClassI,C_0818
ClassI,C_0819
ClassI,C_0820
ClassI,C_0821
ClassI,C_0822
ClassI,C_0823
ClassI,C_0824
ClassI,C_0825
ClassI,C_0827
ClassI,C_0828
ClassI,C_0829
ClassI,C_0830
ClassI,C_0831
ClassI,C_0832
ClassI,C_0833
ClassI,C_0834
ClassI,C_0835
ClassI,C_1202
ClassI,C_1203
ClassI,C_1204
ClassI,C_1205
ClassI,C_1206
ClassI,C_1207
ClassI,C_1208
ClassI,C_1209
ClassI,C_1210
ClassI,C_1211
ClassI,C_1212
ClassI,C_1213
ClassI,C_1214
ClassI,C_1215
ClassI,C_1216
ClassI,C_1217
ClassI,C_1218
ClassI,C_1219
ClassI,C_1220
ClassI,C_1221
ClassI,C_1222
ClassI,C_1223
ClassI,C_1224
ClassI,C_1225
ClassI,C_1226
ClassI,C_1227
ClassI,C_1228
ClassI,C_1229
ClassI,C_1230
ClassI,C_1231
ClassI,C_1232
ClassI,C_1233
ClassI,C_1234
ClassI,C_1235
ClassI,C_1236
ClassI,C_1237
ClassI,C_1238
ClassI,C_1240
ClassI,C_1241
ClassI,C_1243
ClassI,C_1244
ClassI,C_1402
ClassI,C_1403
ClassI,C_1404
ClassI,C_1405
ClassI,C_1406
ClassI,C_1408
ClassI,C_1409
ClassI,C_1410
ClassI,C_1411
ClassI,C_1412
ClassI,C_1413
ClassI,C_1414
ClassI,C_1415
ClassI,C_1416
ClassI,C_1417
ClassI,C_1418
ClassI,C_1419
ClassI,C_1420
ClassI,C_1502
ClassI,C_1503
ClassI,C_1504
ClassI,C_1505
ClassI,C_1506
ClassI,C_1507
ClassI,C_1508
ClassI,C_1509
ClassI,C_1510
ClassI,C_1511
ClassI,C_1512
ClassI,C_1513
ClassI,C_1515
ClassI,C_1516
ClassI,C_1517
ClassI,C_1518
ClassI,C_1519
ClassI,C_1520
ClassI,C_1521
ClassI,C_1522
ClassI,C_1523
ClassI,C_1524
ClassI,C_1525
ClassI,C_1526
ClassI,C_1527
ClassI,C_1528
ClassI,C_1529
ClassI,C_1530
ClassI,C_1531
ClassI,C_1533
ClassI,C_1534
ClassI,C_1535
ClassI,C_1601
ClassI,C_1602
ClassI,C_1604
ClassI,C_1606
ClassI,C_1607
ClassI,C_1608
ClassI,C_1609
ClassI,C_1610
ClassI,C_1611
ClassI,C_1612
ClassI,C_1613
ClassI,C_1614
ClassI,C_1615
ClassI,C_1617
ClassI,C_1618
ClassI,C_1619
ClassI,C_1620
ClassI,C_1621
ClassI,C_1622
ClassI,C_1623
ClassI,C_1624
ClassI,C_1625
ClassI,C_1626
ClassI,C_1701
ClassI,C_1702
ClassI,C_1703
ClassI,C_1704
ClassI,C_1705
ClassI,C_1706
ClassI,C_1707
ClassI,C_1801
ClassI,C_1802
ClassI,C_1803
